2025-06-04T10:56:45.935335,Read CSV,✅ Success: 9999999 rows loaded
2025-06-04T10:56:46.426135,Aggregate stats,✅ Success: 8868 stations processed
2025-06-04T10:56:46.450133,Save output,✅ Success
2025-06-04T10:56:46.450171,Total processing,✅ Completed in 2.12 seconds
2025-06-04T11:02:08.271315,Read CSV,✅ Success: 9999999 rows loaded
2025-06-04T11:02:08.754201,Aggregate stats,✅ Success: 8868 stations processed
2025-06-04T11:02:08.768897,Save output,✅ Success
2025-06-04T11:02:08.768930,Total processing,✅ Completed in 2.24 seconds
2025-06-06T18:30:52.528336,Chunked processing,✅ Success: 8868 stations processed
2025-06-06T18:30:52.528375,Total processing,✅ Completed in 41.66 seconds
2025-06-06T19:14:26.496779,Read CSV,✅ Success: 99999999 rows loaded
2025-06-06T19:14:31.205777,Aggregate stats,✅ Success: 8883 stations processed
2025-06-06T19:14:31.221125,Save output,✅ Success
2025-06-06T19:14:31.221157,Total processing,✅ Completed in 21.91 seconds
2025-06-06T19:42:12.976245,Read CSV,✅ Success: 99999999 rows loaded
2025-06-06T19:42:17.660600,Aggregate stats,✅ Success: 8883 stations processed
2025-06-06T19:42:17.675439,Save output,✅ Success
2025-06-06T19:42:17.675471,Total processing,✅ Completed in 21.89 seconds
