2025-06-06T19:12:02.334814,Read temperatures (chunked),✅ Success
2025-06-06T19:12:02.346915,Format results,✅ Success: 8883 stations processed
2025-06-06T19:12:02.348574,Save results,✅ Success
2025-06-06T19:12:02.348600,Total processing,✅ Completed in 143.06 seconds
2025-06-06T19:41:11.991799,Read temperatures (chunked),✅ Success
2025-06-06T19:41:12.004169,Format results,✅ Success: 8883 stations processed
2025-06-06T19:41:12.005783,Save results,✅ Success
2025-06-06T19:41:12.005812,Total processing,✅ Completed in 143.19 seconds
2025-06-06T20:38:52.142205,Read temperatures (chunked),✅ Success
2025-06-06T20:38:52.154099,Format results,✅ Success: 8883 stations processed
2025-06-06T20:38:52.155919,Save CSV,✅ Success
2025-06-06T20:38:52.155942,-----,-----
2025-06-06T20:38:52.173638,Save Parquet,✅ Success
2025-06-06T20:38:52.173912,Total processing,✅ Completed in 144.02 seconds
