2025-06-06T18:33:28.655688,Chunked processing,✅ Success: 8868 stations processed
2025-06-06T18:33:28.655730,Total processing,✅ Completed in 7.12 seconds
2025-06-06T19:15:58.775572,Chunked processing,✅ Success: 8883 stations processed
2025-06-06T19:15:58.775614,Total processing,✅ Completed in 68.53 seconds
2025-06-06T19:16:42.982890,Chunked processing,✅ Success: 8883 stations processed
2025-06-06T19:16:42.982928,Total processing,✅ Completed in 37.04 seconds
2025-06-06T19:18:19.568335,Chunked processing,✅ Success: 8883 stations processed
2025-06-06T19:18:19.568373,Total processing,✅ Completed in 37.35 seconds
2025-06-06T19:19:07.050025,Chunked processing,✅ Success: 8883 stations processed
2025-06-06T19:19:07.050061,Total processing,✅ Completed in 35.69 seconds
2025-06-06T19:43:29.619071,Chunked processing,✅ Success: 8883 stations processed
2025-06-06T19:43:29.619109,Total processing,✅ Completed in 36.96 seconds
